Product,Price
"Amazon Basics Microfiber Sheet Set, Queen, Dark Grey",19.99
"Amazon Basics Satin Pillowcases for Hair and Skin, Envelope Closure - Black, Queen, Pack of 2",11.99
"Amazon Basics 20-Piece Stainless Steel Flatware Set with Square Edge, Service for 4",19.99
"Amazon Basics Fuzzy Faux Fur Sherpa Throw Blanket, 50""x60"" - Tan Tie Dye",17.40
"Amazon Basics Teflon Soleplate Steam Iron, 1200-Watt",17.27
"Amazon Basics Hard Anodized Non-Stick 2-Piece Skillet Set, 9.5-Inch and 11-Inch, Red",21.87
"Amazon Basics Quick-Dry, Luxurious, Soft, 100% Cotton Bath Towels, Platinum - Set of 2",19.99
"Amazon Basics Shower Curtain with Hooks - 72 x 72 Inch, Navy Stripe",14.24
"Amazon Basics Cleaning Duster, 3-Pack, Blue and White",17.49
Amazon Basics Replacement Water Filters for Water Pitchers - 3-Pack,13.33
Amazon Basics Pivoting Soap Pump Dispenser - Black,3.68
"Amazon Basics Fade-Resistant Cotton Washcloths - Pack of 12, Black",15.99
"Plixio Garment Bags Suit Bag for Travel and Clothing Storage of Dresses, Dress Shirts, Coats— Includes Zipper and Transparent Window (Black- 5 Pack: Mixed Sizes)",17.99
"Exclusivo Mezcla Large Microfiber Beach Towel, Sand Free Sports/Swimming/Pool Towel for Kids and Adults (Striped Navy, 30"" x 60"") - Quick Dry and Lightweight",12.99
"Bedwin Soft Pillowcase Set of 2 Standard Queen Size Premium Quality Machine Washable Protectors - Soft Brushed Microfiber Pillow Covers with Back Envelope Closure (20x30 inches, White)",5.99
"Amazon Basics Silicone Hot Skillet Handle Cover Holder, Blue",5.99
"Amazon Basics Glass Food Storage, 16-Piece Set, 8 Containers and 8 BPA-Free Lids",21.99
"Amazon Basics Vacuum Compression Storage Bags with Hand Pump - Pack of 12 (3 Jumbo, 3 Large, 3 Medium, 3 Small)",29.99
Amazon Basics Classic Bathroom Towel and Robe Hook,12.67
"Amazon Basics Silicone, Non-Stick, Food Safe Baking Mat - Pack of 2",14.70
"Amazon Basics Terry Cotton Washcloths, Seafoam Green - Pack of 24",17.99
"Amazon Basics Velvet Skirt Hangers with Clips, 24-Pack, Black",24.99
"Amazon Basics Blue, White, and Yellow Microfiber Cleaning Cloth - Pack of 24",15.49
"Amazon Basics 16-Ounce Disposable Plastic Cups, Clear/Translucent - Pack of 240",20.99
"Amazon Basics Broom Holder Wall Mount and Garden Tool Organizer, 6 Hook",18.84
"Amazon Basics Hard Anodized Non-Stick 12.5-Inch Skillet, Grey",24.64
"Amazon Basics ABL001 glass storage, 0.6-Cup, clear with blue lids",8.07
"Walensee Sherpa Fleece Blanket (Throw Size 50”x60” Slate Blue) Plush Throw Fuzzy Super Soft Reversible Microfiber Flannel Blankets for Couch, Bed, Sofa Ultra Luxurious Warm and Cozy for All Seasons",23.99
"ZIMASILK 100% Mulberry Silk Pillowcase for Hair and Skin,with Hidden Zipper,Both Side 19 Momme Silk,600 Thread Count, 1pc(Standard 20''x26', Taupe)",23.99
"Utopia Towels Cotton Electric Blue Washcloths Set - Pack of 24-100% Ring Spun Cotton, Premium Quality Flannel Face Cloths, Highly Absorbent and Soft Feel Fingertip Towels",18.99
"10PCS Silicone Hot Handle Holders Pan Scraper Tool Set, Grill Pan Scraper Cleaner Tool Handle Sleeve for Cast Iron Skillet, Frying Pan & Griddle Metal and Aluminum Cookware Handles",13.99
"W·Z Geanmoki 82L Large Laundry Basket, Collapsible Fabric Laundry Hamper, Foldable Clothes Bag, Folding Washing Bin (Red)",17.99
"6-Pack Hand Towel Set. Lightweight 100% Cotton Quick Dry Bathroom Towels. Woven Striped Detail Absorbent Towels. Hallie Collection. (6 Pack, Yellow/Grey)",24.99
